policy_category,mean,std,min,max,count
Low Restriction,1.5778718133966354,1.231308186657101,1,9,77512
Moderate Restriction,1.6364385984745211,1.2671296823454532,1,9,300758
High Restriction,1.6142433234421365,1.2558533731281818,1,9,2359
