GDP_Category,mean,std,min,max,count
Low GDP,1.6272383648808395,1.3065069220475798,1,9,68521
High GDP,1.6465283146022873,1.3144733647534468,1,9,50451
