,random_forest,logistic_regression,svm,knn,ada_boost
Moderate Restriction,0.5815,0.616,0.617,0.5955,0.617
High Restriction,0.5614406779661016,0.6207627118644068,0.6207627118644068,0.6016949152542372,0.6228813559322034
Low Restriction,0.62,0.6755,0.6775,0.644,0.676
