{"Alabama": {"random_forest": 0.580952380952381, "logistic_regression": 0.621904761904762, "svm": 0.6247619047619047, "knn": 0.5847619047619048, "ada_boost": 0.6257142857142857}, "Delaware": {"random_forest": 0.6049689440993788, "logistic_regression": 0.6422360248447205, "svm": 0.6422360248447205, "knn": 0.6049689440993788, "ada_boost": 0.6409937888198758}, "Florida": {"random_forest": 0.5983746792130026, "logistic_regression": 0.665098374679213, "svm": 0.665098374679213, "knn": 0.6274593669803251, "ada_boost": 0.6629597946963216}, "Georgia": {"random_forest": 0.5833817547937246, "logistic_regression": 0.6257989540964556, "svm": 0.6257989540964556, "knn": 0.5851249273678094, "ada_boost": 0.621150493898896}, "Hawaii": {"random_forest": 0.6283870967741936, "logistic_regression": 0.6709677419354839, "svm": 0.6709677419354839, "knn": 0.6329032258064516, "ada_boost": 0.672258064516129}, "Idaho": {"random_forest": 0.592809364548495, "logistic_regression": 0.6538461538461539, "svm": 0.6538461538461539, "knn": 0.6229096989966555, "ada_boost": 0.6479933110367893}, "Illinois": {"random_forest": 0.6540697674418605, "logistic_regression": 0.6875, "svm": 0.6947674418604651, "knn": 0.6700581395348837, "ada_boost": 0.6918604651162791}, "Indiana": {"random_forest": 0.5803571428571429, "logistic_regression": 0.6291666666666667, "svm": 0.6333333333333333, "knn": 0.5988095238095238, "ada_boost": 0.6398809523809523}, "Iowa": {"random_forest": 0.5977190254017626, "logistic_regression": 0.6324520476931053, "svm": 0.6365992742353551, "knn": 0.6018662519440124, "ada_boost": 0.6438569206842923}, "Alaska": {"random_forest": 0.609353507565337, "logistic_regression": 0.657496561210454, "svm": 0.657496561210454, "knn": 0.6203576341127923, "ada_boost": 0.6492434662998624}, "Kansas": {"random_forest": 0.5719769673704415, "logistic_regression": 0.6439539347408829, "svm": 0.6468330134357005, "knn": 0.6094049904030711, "ada_boost": 0.6487523992322457}, "Kentucky": {"random_forest": 0.5365853658536586, "logistic_regression": 0.5818815331010453, "svm": 0.5836236933797909, "knn": 0.5470383275261324, "ada_boost": 0.5818815331010453}, "Louisiana": {"random_forest": 0.5391304347826087, "logistic_regression": 0.6124223602484472, "svm": 0.6186335403726708, "knn": 0.5341614906832298, "ada_boost": 0.5975155279503106}, "Maine": {"random_forest": 0.6205174761688607, "logistic_regression": 0.669541534271448, "svm": 0.6690876078075352, "knn": 0.6377666817975488, "ada_boost": 0.666817975487971}, "Maryland": {"random_forest": 0.5705673758865248, "logistic_regression": 0.6269503546099291, "svm": 0.6269503546099291, "knn": 0.5840425531914893, "ada_boost": 0.6308510638297873}, "Massachusetts": {"random_forest": 0.5609756097560976, "logistic_regression": 0.621602787456446, "svm": 0.6222996515679442, "knn": 0.5707317073170731, "ada_boost": 0.6285714285714286}, "Michigan": {"random_forest": 0.5020016012810248, "logistic_regression": 0.5612489991993594, "svm": 0.5732586068855084, "knn": 0.5404323458767014, "ada_boost": 0.5732586068855084}, "Minnesota": {"random_forest": 0.565698041692988, "logistic_regression": 0.6067593177511055, "svm": 0.6067593177511055, "knn": 0.5770688566013897, "ada_boost": 0.607706885660139}, "Mississippi": {"random_forest": 0.657762938230384, "logistic_regression": 0.7036727879799666, "svm": 0.7028380634390651, "knn": 0.662771285475793, "ada_boost": 0.7053422370617696}, "Missouri": {"random_forest": 0.573993471164309, "logistic_regression": 0.6278563656147987, "svm": 0.6273122959738846, "knn": 0.5990206746463548, "ada_boost": 0.6305767138193689}, "Montana": {"random_forest": 0.5938242280285035, "logistic_regression": 0.6349960411718132, "svm": 0.6397466349960411, "knn": 0.6025336500395883, "ada_boost": 0.6468725257323832}, "Nebraska": {"random_forest": 0.6172140430351076, "logistic_regression": 0.6715741789354474, "svm": 0.6757266893167233, "knn": 0.6379765949414874, "ada_boost": 0.681766704416761}, "Nevada": {"random_forest": 0.5213483146067416, "logistic_regression": 0.5955056179775281, "svm": 0.597752808988764, "knn": 0.5662921348314607, "ada_boost": 0.5752808988764045}, "New Hampshire": {"random_forest": 0.5661124307205068, "logistic_regression": 0.6239113222486145, "svm": 0.6326207442596992, "knn": 0.5922406967537609, "ada_boost": 0.6342042755344418}, "New Jersey": {"random_forest": 0.5811702595688517, "logistic_regression": 0.6190057193136823, "svm": 0.6203255609326881, "knn": 0.5851297844258689, "ada_boost": 0.6194456665200176}, "New Mexico": {"random_forest": 0.6073752711496746, "logistic_regression": 0.6529284164859002, "svm": 0.6594360086767896, "knn": 0.6406362979031092, "ada_boost": 0.6522053506869125}, "New York": {"random_forest": 0.5731333106034777, "logistic_regression": 0.636890555744971, "svm": 0.636890555744971, "knn": 0.5908625980225025, "ada_boost": 0.6372315035799523}, "North Carolina": {"random_forest": 0.5856401384083045, "logistic_regression": 0.6323529411764706, "svm": 0.6358131487889274, "knn": 0.6046712802768166, "ada_boost": 0.639273356401384}, "North Dakota": {"random_forest": 0.633377135348226, "logistic_regression": 0.695137976346912, "svm": 0.6990801576872536, "knn": 0.6491458607095927, "ada_boost": 0.695137976346912}, "Ohio": {"random_forest": 0.5503584841242745, "logistic_regression": 0.600546261522704, "svm": 0.602253328781154, "knn": 0.5701604643222943, "ada_boost": 0.6073745305565039}, "Arizona": {"random_forest": 0.5804093567251462, "logistic_regression": 0.6442495126705653, "svm": 0.6442495126705653, "knn": 0.5964912280701754, "ada_boost": 0.6466861598440545}, "Oklahoma": {"random_forest": 0.5853658536585366, "logistic_regression": 0.6500530222693531, "svm": 0.6511134676564156, "knn": 0.5980911983032874, "ada_boost": 0.647932131495228}, "Oregon": {"random_forest": 0.5683918669131238, "logistic_regression": 0.609981515711645, "svm": 0.609981515711645, "knn": 0.5591497227356746, "ada_boost": 0.61090573012939}, "Pennsylvania": {"random_forest": 0.5504241281809613, "logistic_regression": 0.5937794533459001, "svm": 0.5937794533459001, "knn": 0.5739868049010367, "ada_boost": 0.6107445805843544}, "Rhode Island": {"random_forest": 0.5770308123249299, "logistic_regression": 0.6339869281045751, "svm": 0.6358543417366946, "knn": 0.5826330532212886, "ada_boost": 0.6302521008403361}, "South Carolina": {"random_forest": 0.620457604306864, "logistic_regression": 0.6500672947510094, "svm": 0.6514131897711979, "knn": 0.6285329744279946, "ada_boost": 0.6460296096904441}, "South Dakota": {"random_forest": 0.6404332129963899, "logistic_regression": 0.6924187725631769, "svm": 0.696028880866426, "knn": 0.675812274368231, "ada_boost": 0.6909747292418773}, "Texas": {"random_forest": 0.5811732605729877, "logistic_regression": 0.6257389722601182, "svm": 0.6275579809004093, "knn": 0.6061846293769896, "ada_boost": 0.6311959981809914}, "Utah": {"random_forest": 0.5331044629720452, "logistic_regression": 0.5767533104462972, "svm": 0.5806768023540951, "knn": 0.5434036292300147, "ada_boost": 0.5914664051005395}, "Arkansas": {"random_forest": 0.5787937743190662, "logistic_regression": 0.6284046692607004, "svm": 0.6284046692607004, "knn": 0.5904669260700389, "ada_boost": 0.6371595330739299}, "Vermont": {"random_forest": 0.5625965996908809, "logistic_regression": 0.589644513137558, "svm": 0.5996908809891809, "knn": 0.5610510046367851, "ada_boost": 0.6043276661514683}, "Virginia": {"random_forest": 0.5925537493445202, "logistic_regression": 0.6407970634504457, "svm": 0.6444677503932879, "knn": 0.6067121132669113, "ada_boost": 0.6371263765076036}, "Washington": {"random_forest": 0.5446640316205533, "logistic_regression": 0.5996047430830039, "svm": 0.5988142292490118, "knn": 0.5470355731225296, "ada_boost": 0.6043478260869565}, "West Virginia": {"random_forest": 0.5637755102040817, "logistic_regression": 0.6164965986394558, "svm": 0.6164965986394558, "knn": 0.58078231292517, "ada_boost": 0.6241496598639455}, "Wisconsin": {"random_forest": 0.5972083748753739,